[
	{
		"type": "thunderstorm",
		"icon": "11d",
		"id": 200,
		"src": "/assets/icons/thunder-day/thunderstorms-day-rain.svg",
		"alt": "thunderstorm with light rain"
	},
	{
		"type": "thunderstorm",
		"icon": "11n",
		"id": 200,
		"src": "/assets/icons/thunder-night/thunderstorms-night-rain.svg",
		"alt": "thunderstorm with light rain"
	},
	{
		"type": "thunderstorm",
		"icon": "11d",
		"id": 201,
		"src": "/assets/icons/thunder-day/thunderstorms-day-rain.svg",
		"alt": "thunderstorm with rain",
		"shecodes": "thunderstorm-day"
	},
	{
		"type": "thunderstorm",
		"icon": "11n",
		"id": 201,
		"src": "/assets/icons/thunder-night/thunderstorms-night-rain.svg",
		"alt": "thunderstorm with rain",
		"shecodes": "thunderstorm-night"
	},
	{
		"type": "thunderstorm",
		"icon": "11d",
		"id": 202,
		"src": "/assets/icons/thunder-day/thunderstorms-day-overcast-rain.svg",
		"alt": "thunderstorm with heavy rain"
	},
	{
		"type": "thunderstorm",
		"icon": "11n",
		"id": 202,
		"src": "/assets/icons/thunder-night/thunderstorms-night-overcast-rain.svg",
		"alt": "thunderstorm with heavy rain"
	},
	{
		"type": "thunderstorm",
		"icon": "11d",
		"id": 210,
		"src": "/assets/icons/thunder-day/thunderstorms-day.svg",
		"alt": "light thunderstorm"
	},
	{
		"type": "thunderstorm",
		"icon": "11n",
		"id": 210,
		"src": "/assets/icons/thunder-night/thunderstorms-night.svg",
		"alt": "light thunderstorm"
	},
	{
		"type": "thunderstorm",
		"icon": "11d",
		"id": 211,
		"src": "/assets/icons/thunder-day/thunderstorms-day-overcast.svg",
		"alt": "thunderstorm"
	},
	{
		"type": "thunderstorm",
		"icon": "11n",
		"id": 211,
		"src": "/assets/icons/thunder-night/thunderstorms-night-overcast.svg",
		"alt": "thunderstorm"
	},
	{
		"type": "thunderstorm",
		"icon": "11d",
		"id": 212,
		"src": "/assets/icons/thunder-day/thunderstorms-day-extreme.svg",
		"alt": "heavy thunderstorm"
	},
	{
		"type": "thunderstorm",
		"icon": "11n",
		"id": 212,
		"src": "/assets/icons/thunder-night/thunderstorms-night-extreme.svg",
		"alt": "heavy thunderstorm"
	},
	{
		"type": "thunderstorm",
		"icon": "11d",
		"id": 221,
		"src": "/assets/icons/thunder-day/thunderstorms-day-extreme.svg",
		"alt": "ragged thunderstorm"
	},
	{
		"type": "thunderstorm",
		"icon": "11n",
		"id": 221,
		"src": "/assets/icons/thunder-night/thunderstorms-night-extreme.svg",
		"alt": "ragged thunderstorm"
	},
	{
		"type": "thunderstorm",
		"icon": "11d",
		"id": 230,
		"src": "/assets/icons/thunder-day/thunderstorms-day.svg",
		"alt": "thunderstorm with light drizzle"
	},
	{
		"type": "thunderstorm",
		"icon": "11n",
		"id": 230,
		"src": "/assets/icons/thunder-night/thunderstorms-night.svg",
		"alt": "thunderstorm with light drizzle"
	},
	{
		"type": "thunderstorm",
		"icon": "11d",
		"id": 231,
		"src": "/assets/icons/thunder-day/thunderstorms-day-overcast-rain.svg",
		"alt": "thunderstorm with drizzle"
	},
	{
		"type": "thunderstorm",
		"icon": "11n",
		"id": 231,
		"src": "/assets/icons/thunder-night/thunderstorms-night-overcast-rain.svg",
		"alt": "thunderstorm with drizzle"
	},
	{
		"type": "thunderstorm",
		"icon": "11d",
		"id": 232,
		"src": "/assets/icons/thunder-day/thunderstorms-day-extreme-rain.svg",
		"alt": "thunderstorm with heavy drizzle"
	},
	{
		"type": "thunderstorm",
		"icon": "11n",
		"id": 232,
		"src": "/assets/icons/thunder-night/thunderstorms-night-extreme-rain.svg",
		"alt": "thunderstorm with heavy drizzle"
	},
	{
		"type": "drizzle",
		"icon": "09d",
		"id": 300,
		"src": "/assets/icons/rain/drizzle.svg",
		"alt": "light intensity drizzle"
	},
	{
		"type": "drizzle",
		"icon": "09n",
		"id": 300,
		"src": "/assets/icons/rain/drizzle.svg",
		"alt": "light intensity drizzle"
	},
	{
		"type": "drizzle",
		"icon": "09d",
		"id": 301,
		"src": "/assets/icons/rain/overcast-day-drizzle.svg",
		"alt": "drizzle"
	},
	{
		"type": "drizzle",
		"icon": "09n",
		"id": 301,
		"src": "/assets/icons/rain/overcast-night-drizzle.svg",
		"alt": "drizzle"
	},
	{
		"type": "drizzle",
		"icon": "09d",
		"id": 302,
		"src": "/assets/icons/rain/extreme-day-drizzle.svg",
		"alt": "heavy intensity drizzle"
	},
	{
		"type": "drizzle",
		"icon": "09n",
		"id": 302,
		"src": "/assets/icons/rain/extreme-night-drizzle.svg",
		"alt": "heavy intensity drizzle"
	},
	{
		"type": "drizzle",
		"icon": "09d",
		"id": 310,
		"src": "/assets/icons/rain/overcast-day-drizzle.svg",
		"alt": "light intensity drizzle rain"
	},
	{
		"type": "drizzle",
		"icon": "09n",
		"id": 310,
		"src": "/assets/icons/rain/overcast-night-drizzle.svg",
		"alt": "light intensity drizzle rain"
	},
	{
		"type": "drizzle",
		"icon": "09d",
		"id": 311,
		"src": "/assets/icons/rain/overcast-day-drizzle.svg",
		"alt": "drizzle rain"
	},
	{
		"type": "drizzle",
		"icon": "09n",
		"id": 311,
		"src": "/assets/icons/rain/overcast-night-drizzle.svg",
		"alt": "drizzle rain"
	},
	{
		"type": "drizzle",
		"icon": "09d",
		"id": 312,
		"src": "/assets/icons/rain/extreme-day-drizzle.svg",
		"alt": "heavy intensity drizzle rain"
	},
	{
		"type": "drizzle",
		"icon": "09n",
		"id": 312,
		"src": "/assets/icons/rain/extreme-night-drizzle.svg",
		"alt": "heavy intensity drizzle rain"
	},
	{
		"type": "drizzle",
		"icon": "09d",
		"id": 313,
		"src": "/assets/icons/rain/rain.svg",
		"alt": "shower rain and drizzle"
	},
	{
		"type": "drizzle",
		"icon": "09n",
		"id": 313,
		"src": "/assets/icons/rain/rain.svg",
		"alt": "shower rain and drizzle"
	},
	{
		"type": "drizzle",
		"icon": "09d",
		"id": 314,
		"src": "/assets/icons/rain/overcast-day-rain.svg",
		"alt": "heavy shower rain and drizzle",
		"shecodes": "shower-rain-day"
	},
	{
		"type": "drizzle",
		"icon": "09n",
		"id": 314,
		"src": "/assets/icons/rain/overcast-night-rain.svg",
		"alt": "heavy shower rain and drizzle",
		"shecodes": "shower-rain-night"
	},
	{
		"type": "drizzle",
		"icon": "09d",
		"id": 321,
		"src": "/assets/icons/rain/overcast-day-drizzle.svg",
		"alt": "shower drizzle"
	},
	{
		"type": "drizzle",
		"icon": "09n",
		"id": 321,
		"src": "/assets/icons/rain/overcast-night-drizzle.svg",
		"alt": "shower drizzle"
	},
	{
		"type": "rain",
		"icon": "10d",
		"id": 500,
		"src": "/assets/icons/rain/raindrops.svg",
		"alt": "light rain"
	},
	{
		"type": "rain",
		"icon": "10n",
		"id": 500,
		"src": "/assets/icons/rain/raindrops.svg",
		"alt": "light rain"
	},
	{
		"type": "rain",
		"icon": "10d",
		"id": 501,
		"src": "/assets/icons/rain/rain.svg",
		"alt": "moderate rain"
	},
	{
		"type": "rain",
		"icon": "10n",
		"id": 501,
		"src": "/assets/icons/rain/rain.svg",
		"alt": "moderate rain"
	},
	{
		"type": "rain",
		"icon": "10d",
		"id": 502,
		"src": "/assets/icons/rain/overcast-day-rain.svg",
		"alt": "heavy intensity rain",
		"shecodes": "rain-day"
	},
	{
		"type": "rain",
		"icon": "10n",
		"id": 502,
		"src": "/assets/icons/rain/overcast-night-rain.svg",
		"alt": "heavy intensity rain",
		"shecodes": "rain-night"
	},
	{
		"type": "rain",
		"icon": "10d",
		"id": 503,
		"src": "/assets/icons/rain/extreme-day-rain.svg",
		"alt": "very heavy rain"
	},
	{
		"type": "rain",
		"icon": "10n",
		"id": 503,
		"src": "/assets/icons/rain/extreme-night-rain.svg",
		"alt": "very heavy rain"
	},
	{
		"type": "rain",
		"icon": "10d",
		"id": 504,
		"src": "/assets/icons/rain/extreme-day-rain.svg",
		"alt": "extreme rain"
	},
	{
		"type": "rain",
		"icon": "10n",
		"id": 504,
		"src": "/assets/icons/rain/extreme-night-rain.svg",
		"alt": "extreme rain"
	},
	{
		"type": "rain",
		"icon": "13d",
		"id": 511,
		"src": "/assets/icons/rain/overcast-day-sleet.svg",
		"alt": "freezing rain"
	},
	{
		"type": "rain",
		"icon": "13n",
		"id": 511,
		"src": "/assets/icons/rain/overcast-night-sleet.svg",
		"alt": "freezing rain"
	},
	{
		"type": "rain",
		"icon": "09d",
		"id": 520,
		"src": "/assets/icons/rain/overcast-day-rain.svg",
		"alt": "light intensity shower rain"
	},
	{
		"type": "rain",
		"icon": "09n",
		"id": 520,
		"src": "/assets/icons/rain/overcast-night-rain.svg",
		"alt": "light intensity shower rain"
	},
	{
		"type": "rain",
		"icon": "09d",
		"id": 521,
		"src": "/assets/icons/rain/overcast-day-rain.svg",
		"alt": "shower rain"
	},
	{
		"type": "rain",
		"icon": "09n",
		"id": 521,
		"src": "/assets/icons/rain/overcast-night-rain.svg",
		"alt": "shower rain"
	},
	{
		"type": "rain",
		"icon": "09d",
		"id": 522,
		"src": "/assets/icons/rain/extreme-day-rain.svg",
		"alt": "heavy intensity shower rain"
	},
	{
		"type": "rain",
		"icon": "09n",
		"id": 522,
		"src": "/assets/icons/rain/extreme-night-rain.svg",
		"alt": "heavy intensity shower rain"
	},
	{
		"type": "rain",
		"icon": "09d",
		"id": 531,
		"src": "/assets/icons/rain/partly-cloudy-day-rain.svg",
		"alt": "ragged shower rain"
	},
	{
		"type": "rain",
		"icon": "09n",
		"id": 531,
		"src": "/assets/icons/rain/partly-cloudy-night-rain.svg",
		"alt": "ragged shower rain"
	},
	{
		"type": "snow",
		"icon": "13d",
		"id": 600,
		"src": "/assets/icons/snow/snow.svg",
		"alt": "light snow"
	},
	{
		"type": "snow",
		"icon": "13n",
		"id": 600,
		"src": "/assets/icons/snow/snow.svg",
		"alt": "light snow"
	},
	{
		"type": "snow",
		"icon": "13d",
		"id": 601,
		"src": "/assets/icons/snow/snow.svg",
		"alt": "snow"
	},
	{
		"type": "snow",
		"icon": "13n",
		"id": 601,
		"src": "/assets/icons/snow/snow.svg",
		"alt": "snow"
	},
	{
		"type": "snow",
		"icon": "13d",
		"id": 602,
		"src": "/assets/icons/snow/overcast-day-snow.svg",
		"alt": "heavy snow",
		"shecodes": "snow-day"
	},
	{
		"type": "snow",
		"icon": "13n",
		"id": 602,
		"src": "/assets/icons/snow/overcast-night-snow.svg",
		"alt": "heavy snow",
		"shecodes": "snow-night"
	},
	{
		"type": "snow",
		"icon": "13d",
		"id": 611,
		"src": "/assets/icons/snow/overcast-day-sleet.svg",
		"alt": "sleet"
	},
	{
		"type": "snow",
		"icon": "13d",
		"id": 611,
		"src": "/assets/icons/snow/overcast-night-sleet",
		"alt": "sleet"
	},
	{
		"type": "snow",
		"icon": "13d",
		"id": 612,
		"src": "/assets/icons/snow/overcast-day-sleet.svg",
		"alt": "light shower sleet"
	},
	{
		"type": "snow",
		"icon": "13n",
		"id": 612,
		"src": "/assets/icons/snow/overcast-night-sleet.svg",
		"alt": "light shower sleet"
	},
	{
		"type": "snow",
		"icon": "13d",
		"id": 613,
		"src": "/assets/icons/snow/overcast-day-sleet.svg",
		"alt": "shower sleet"
	},
	{
		"type": "snow",
		"icon": "13n",
		"id": 613,
		"src": "/assets/icons/snow/overcast-night-sleet.svg",
		"alt": "shower sleet"
	},
	{
		"type": "snow",
		"icon": "13d",
		"id": 615,
		"src": "/assets/icons/snow/overcast-day-hail.svg",
		"alt": "light rain and snow"
	},
	{
		"type": "snow",
		"icon": "13n",
		"id": 615,
		"src": "/assets/icons/snow/overcast-day-hail.svg",
		"alt": "light rain and snow"
	},
	{
		"type": "snow",
		"icon": "13d",
		"id": 616,
		"src": "/assets/icons/snow/extreme-day-sleet.svg",
		"alt": "rain and snow"
	},
	{
		"type": "snow",
		"icon": "13n",
		"id": 616,
		"src": "/assets/icons/snow/extreme-night-sleet.svg",
		"alt": "rain and snow"
	},
	{
		"type": "snow",
		"icon": "13d",
		"id": 620,
		"src": "/assets/icons/snow/overcast-day-hail.svg",
		"alt": "light shower snow"
	},
	{
		"type": "snow",
		"icon": "13n",
		"id": 620,
		"src": "/assets/icons/snow/overcast-night-hail.svg",
		"alt": "light shower snow"
	},
	{
		"type": "snow",
		"icon": "13d",
		"id": 621,
		"src": "/assets/icons/snow/overcast-day-snow.svg",
		"alt": "shower snow"
	},
	{
		"type": "snow",
		"icon": "13n",
		"id": 621,
		"src": "/assets/icons/snow/overcast-night-snow.svg",
		"alt": "shower snow"
	},
	{
		"type": "snow",
		"icon": "13d",
		"id": 622,
		"src": "/assets/icons/snow/extreme-day-snow.svg",
		"alt": "heavy shower snow"
	},
	{
		"type": "snow",
		"icon": "13n",
		"id": 622,
		"src": "/assets/icons/snow/extreme-night-snow.svg",
		"alt": "heavy shower snow"
	},
	{
		"type": "atmosphere",
		"icon": "50d",
		"id": 701,
		"src": "/assets/icons/atmosphere/mist.svg",
		"alt": "mist",
		"shecodes": "mist-day"
	},
	{
		"type": "atmosphere",
		"icon": "50n",
		"id": 701,
		"src": "/assets/icons/atmosphere/mist.svg",
		"alt": "mist",
		"shecodes": "mist-night"
	},
	{
		"type": "atmosphere",
		"icon": "50d",
		"id": 711,
		"src": "/assets/icons/atmosphere/overcast-day-smoke.svg",
		"alt": "smoke"
	},
	{
		"type": "atmosphere",
		"icon": "50n",
		"id": 711,
		"src": "/assets/icons/atmosphere/overcast-night-smoke.svg",
		"alt": "smoke"
	},
	{
		"type": "atmosphere",
		"icon": "50d",
		"id": 721,
		"src": "/assets/icons/atmosphere/haze-day.svg",
		"alt": "haze"
	},
	{
		"type": "atmosphere",
		"icon": "50n",
		"id": 721,
		"src": "/assets/icons/atmosphere/haze-night.svg",
		"alt": "haze"
	},
	{
		"type": "atmosphere",
		"icon": "50d",
		"id": 731,
		"src": "/assets/icons/atmosphere/dust-wind.svg",
		"alt": "sand/dust whirls"
	},
	{
		"type": "atmosphere",
		"icon": "50n",
		"id": 731,
		"src": "/assets/icons/atmosphere/dust-wind.svg",
		"alt": "sand/dust whirls"
	},
	{
		"type": "atmosphere",
		"icon": "50d",
		"id": 741,
		"src": "/assets/icons/atmosphere/fog-day.svg",
		"alt": "fog"
	},
	{
		"type": "atmosphere",
		"icon": "50n",
		"id": 741,
		"src": "/assets/icons/atmosphere/fog-night.svg",
		"alt": "fog"
	},
	{
		"type": "atmosphere",
		"icon": "50d",
		"id": 751,
		"src": "/assets/icons/atmosphere/dust-day.svg",
		"alt": "sand"
	},
	{
		"type": "atmosphere",
		"icon": "50n",
		"id": 751,
		"src": "/assets/icons/atmosphere/dust-night.svg",
		"alt": "sand"
	},
	{
		"type": "atmosphere",
		"icon": "50d",
		"id": 761,
		"src": "/assets/icons/atmosphere/dust-day.svg",
		"alt": "dust"
	},
	{
		"type": "atmosphere",
		"icon": "50n",
		"id": 761,
		"src": "/assets/icons/atmosphere/dust-night.svg",
		"alt": "dust"
	},
	{
		"type": "atmosphere",
		"icon": "50d",
		"id": 762,
		"src": "/assets/icons/atmosphere/smoke-particles.svg",
		"alt": "volcanic ash"
	},
	{
		"type": "atmosphere",
		"icon": "50n",
		"id": 762,
		"src": "/assets/icons/atmosphere/smoke-particles.svg",
		"alt": "volcanic ash"
	},
	{
		"type": "atmosphere",
		"icon": "50d",
		"id": 771,
		"src": "/assets/icons/atmosphere/extreme-day-smoke.svg",
		"alt": "squall"
	},
	{
		"type": "atmosphere",
		"icon": "50n",
		"id": 771,
		"src": "/assets/icons/atmosphere/extreme-day-smoke.svg",
		"alt": "squall"
	},
	{
		"type": "atmosphere",
		"icon": "50d",
		"id": 781,
		"src": "/assets/icons/atmosphere/tornado.svg",
		"alt": "tornado"
	},
	{
		"type": "atmosphere",
		"icon": "50n",
		"id": 781,
		"src": "/assets/icons/atmosphere/tornado.svg",
		"alt": "tornado"
	},
	{
		"type": "clear",
		"icon": "01d",
		"id": 800,
		"src": "/assets/icons/clear-day.svg",
		"alt": "clear sky day",
		"shecodes": "clear-sky-day"
	},
	{
		"type": "clear",
		"icon": "01n",
		"id": 800,
		"src": "/assets/icons/starry-night.svg",
		"alt": "clear sky night",
		"shecodes": "clear-sky-night"
	},
	{
		"type": "clouds",
		"icon": "02d",
		"id": 801,
		"src": "/assets/icons/partly-cloudy-day.svg",
		"alt": "few clouds day",
		"shecodes": "few-clouds-day"
	},
	{
		"type": "clouds",
		"icon": "02n",
		"id": 801,
		"src": "/assets/icons/partly-cloudy-night.svg",
		"alt": "few clouds night",
		"shecodes": "few-clouds-night"
	},
	{
		"type": "clouds",
		"icon": "03d",
		"id": 802,
		"src": "/assets/icons/partly-cloudy-day.svg",
		"alt": "scattered clouds day",
		"shecodes": "scattered-clouds-day"
	},
	{
		"type": "clouds",
		"icon": "03n",
		"id": 802,
		"src": "/assets/icons/partly-cloudy-night.svg",
		"alt": "scattered clouds night",
		"shecodes": "scattered-clouds-night"
	},
	{
		"type": "clouds",
		"icon": "04d",
		"id": 803,
		"src": "/assets/icons/overcast-day.svg",
		"alt": "broken clouds day",
		"shecodes": "broken-clouds-day"
	},
	{
		"type": "clouds",
		"icon": "04n",
		"id": 803,
		"src": "/assets/icons/overcast-night.svg",
		"alt": "broken clouds night",
		"shecodes": "broken-clouds-night"
	},
	{
		"type": "clouds",
		"icon": "04d",
		"id": 804,
		"src": "/assets/icons/overcast.svg",
		"alt": "overcast clouds day"
	},
	{
		"type": "clouds",
		"icon": "04n",
		"id": 804,
		"src": "/assets/icons/extreme.svg",
		"alt": "overcast clouds night"
	}
]
